<?xml version="1.0" encoding="utf-8" ?><dwsync><file name="Cart Green.png" server="ftp.elementmedia.design//wii.elementmedia.design/" local="3567989130" remote="3568036080" Dst="-1" /><file name="Cart Pink.png" server="ftp.elementmedia.design//wii.elementmedia.design/" local="3567989130" remote="3568036080" Dst="-1" /><file name="facebook-icon.png" server="ftp.elementmedia.design//wii.elementmedia.design/" local="3567989133" remote="3568036080" Dst="-1" /><file name="facebook-login-blue.png" server="ftp.elementmedia.design//wii.elementmedia.design/" local="3567989133" remote="3568036080" Dst="-1" /><file name="facebook-sign-in.png" server="ftp.elementmedia.design//wii.elementmedia.design/" local="3567989133" remote="3568036080" Dst="-1" /><file name="facebook-sign-up.png" server="ftp.elementmedia.design//wii.elementmedia.design/" local="3567989133" remote="3568036080" Dst="-1" /><file name="google-plus-icon.png" server="ftp.elementmedia.design//wii.elementmedia.design/" local="3567989133" remote="3568036080" Dst="-1" /><file name="google-sign-in.png" server="ftp.elementmedia.design//wii.elementmedia.design/" local="3567989133" remote="3568036080" Dst="-1" /><file name="google-sign-up.png" server="ftp.elementmedia.design//wii.elementmedia.design/" local="3567989133" remote="3568036080" Dst="-1" /><file name="Home Green.png" server="ftp.elementmedia.design//wii.elementmedia.design/" local="3567989130" remote="3568036080" Dst="-1" /><file name="Home Pink.png" server="ftp.elementmedia.design//wii.elementmedia.design/" local="3567989130" remote="3568036080" Dst="-1" /><file name="logo.png" server="ftp.elementmedia.design//wii.elementmedia.design/" local="3567989134" remote="3568036080" Dst="-1" /><file name="Map Green.png" server="ftp.elementmedia.design//wii.elementmedia.design/" local="3567989130" remote="3568036080" Dst="-1" /><file name="Map Pink.png" server="ftp.elementmedia.design//wii.elementmedia.design/" local="3567989130" remote="3568036080" Dst="-1" /><file name="Profile Green.png" server="ftp.elementmedia.design//wii.elementmedia.design/" local="3567989130" remote="3568036080" Dst="-1" /><file name="Profile Pink.png" server="ftp.elementmedia.design//wii.elementmedia.design/" local="3567989130" remote="3568036080" Dst="-1" /><file name="Search Green.png" server="ftp.elementmedia.design//wii.elementmedia.design/" local="3567989131" remote="3568036080" Dst="-1" /><file name="Search Pink.png" server="ftp.elementmedia.design//wii.elementmedia.design/" local="3567989131" remote="3568036080" Dst="-1" /><file name="Settings Green.png" server="ftp.elementmedia.design//wii.elementmedia.design/" local="3567989131" remote="3568036080" Dst="-1" /><file name="Settings Pink.png" server="ftp.elementmedia.design//wii.elementmedia.design/" local="3567989131" remote="3568036080" Dst="-1" /><file name="VAWE Sign UpArtboard 2.png" server="ftp.elementmedia.design//wii.elementmedia.design/" local="3567989131" remote="3568036080" Dst="-1" /><file name="VAWE Sign UpArtboard 3.png" server="ftp.elementmedia.design//wii.elementmedia.design/" local="3567989131" remote="3568036080" Dst="-1" /><file name="VAWE Sign UpArtboard 4.png" server="ftp.elementmedia.design//wii.elementmedia.design/" local="3567989131" remote="3568036080" Dst="-1" /><file name="VAWE Sign UpArtboard 5.png" server="ftp.elementmedia.design//wii.elementmedia.design/" local="3567989131" remote="3568036080" Dst="-1" /><file name="VAWE Square 3.png" server="ftp.elementmedia.design//wii.elementmedia.design/" local="3567989131" remote="3568036080" Dst="-1" /><file name="VAWE-long-300x30-transparent.png" server="ftp.elementmedia.design//wii.elementmedia.design/" local="3567989131" remote="3568036080" Dst="-1" /><file name="VAWE1.png" server="ftp.elementmedia.design//wii.elementmedia.design/" local="3567989133" remote="3568036080" Dst="-1" /><file name="VAWE2.png" server="ftp.elementmedia.design//wii.elementmedia.design/" local="3567989133" remote="3568036080" Dst="-1" /><file name="VAWE3.png" server="ftp.elementmedia.design//wii.elementmedia.design/" local="3567989133" remote="3568036080" Dst="-1" /><file name="Touch_ID-256.png" server="ftp.elementmedia.design//wii.elementmedia.design/vawe-app/www/" local="3568149679" remote="3568153620" Dst="-1" /><file name="Cart Green.png" server="ftp.elementmedia.design//wii.elementmedia.design/vawe-app/www/" local="3568074724" remote="3568154040" Dst="-1" /><file name="facebook-login-blue.png" server="ftp.elementmedia.design//wii.elementmedia.design/vawe-app/www/" local="3568074724" remote="3568154040" Dst="-1" /><file name="Cart Pink.png" server="ftp.elementmedia.design//wii.elementmedia.design/vawe-app/www/" local="3568074724" remote="3568154040" Dst="-1" /><file name="facebook-icon.png" server="ftp.elementmedia.design//wii.elementmedia.design/vawe-app/www/" local="3568074724" remote="3568154040" Dst="-1" /><file name="facebook-sign-in.png" server="ftp.elementmedia.design//wii.elementmedia.design/vawe-app/www/" local="3568074724" remote="3568154040" Dst="-1" /><file name="google-plus-icon.png" server="ftp.elementmedia.design//wii.elementmedia.design/vawe-app/www/" local="3568074724" remote="3568154040" Dst="-1" /><file name="google-sign-in.png" server="ftp.elementmedia.design//wii.elementmedia.design/vawe-app/www/" local="3568074724" remote="3568154040" Dst="-1" /><file name="facebook-sign-up.png" server="ftp.elementmedia.design//wii.elementmedia.design/vawe-app/www/" local="3568074724" remote="3568154040" Dst="-1" /><file name="Home Green.png" server="ftp.elementmedia.design//wii.elementmedia.design/vawe-app/www/" local="3568074724" remote="3568154040" Dst="-1" /><file name="Home Pink.png" server="ftp.elementmedia.design//wii.elementmedia.design/vawe-app/www/" local="3568074724" remote="3568154040" Dst="-1" /><file name="google-sign-up.png" server="ftp.elementmedia.design//wii.elementmedia.design/vawe-app/www/" local="3568074724" remote="3568154040" Dst="-1" /><file name="Map Green.png" server="ftp.elementmedia.design//wii.elementmedia.design/vawe-app/www/" local="3568074724" remote="3568154040" Dst="-1" /><file name="Map Pink.png" server="ftp.elementmedia.design//wii.elementmedia.design/vawe-app/www/" local="3568074724" remote="3568154040" Dst="-1" /><file name="logo.png" server="ftp.elementmedia.design//wii.elementmedia.design/vawe-app/www/" local="3568074724" remote="3568154040" Dst="-1" /><file name="Profile Green.png" server="ftp.elementmedia.design//wii.elementmedia.design/vawe-app/www/" local="3568074724" remote="3568154040" Dst="-1" /><file name="Profile Pink.png" server="ftp.elementmedia.design//wii.elementmedia.design/vawe-app/www/" local="3568074724" remote="3568154040" Dst="-1" /><file name="Search Green.png" server="ftp.elementmedia.design//wii.elementmedia.design/vawe-app/www/" local="3568074724" remote="3568154040" Dst="-1" /><file name="Search Pink.png" server="ftp.elementmedia.design//wii.elementmedia.design/vawe-app/www/" local="3568074724" remote="3568154040" Dst="-1" /><file name="Settings Green.png" server="ftp.elementmedia.design//wii.elementmedia.design/vawe-app/www/" local="3568074724" remote="3568154040" Dst="-1" /><file name="Settings Pink.png" server="ftp.elementmedia.design//wii.elementmedia.design/vawe-app/www/" local="3568074724" remote="3568154040" Dst="-1" /><file name="VAWE Sign UpArtboard 3.png" server="ftp.elementmedia.design//wii.elementmedia.design/vawe-app/www/" local="3568074724" remote="3568154040" Dst="-1" /><file name="VAWE Sign UpArtboard 4.png" server="ftp.elementmedia.design//wii.elementmedia.design/vawe-app/www/" local="3568074724" remote="3568154040" Dst="-1" /><file name="VAWE Sign UpArtboard 2.png" server="ftp.elementmedia.design//wii.elementmedia.design/vawe-app/www/" local="3568074724" remote="3568154040" Dst="-1" /><file name="VAWE Sign UpArtboard 5.png" server="ftp.elementmedia.design//wii.elementmedia.design/vawe-app/www/" local="3568074724" remote="3568154040" Dst="-1" /><file name="VAWE-long-300x30-transparent.png" server="ftp.elementmedia.design//wii.elementmedia.design/vawe-app/www/" local="3568074724" remote="3568154040" Dst="-1" /><file name="VAWE Square 3.png" server="ftp.elementmedia.design//wii.elementmedia.design/vawe-app/www/" local="3568074724" remote="3568154040" Dst="-1" /><file name="VAWE2.png" server="ftp.elementmedia.design//wii.elementmedia.design/vawe-app/www/" local="3568074724" remote="3568154040" Dst="-1" /><file name="VAWE3.png" server="ftp.elementmedia.design//wii.elementmedia.design/vawe-app/www/" local="3568074724" remote="3568154040" Dst="-1" /><file name="VAWE1.png" server="ftp.elementmedia.design//wii.elementmedia.design/vawe-app/www/" local="3568074724" remote="3568154040" Dst="-1" /><file name="touchid-100x100.png" server="ftp.elementmedia.design//wii.elementmedia.design/vawe-app/www/" local="3568204177" remote="3568207800" Dst="-1" /><file name="apple-icon.png" server="elementmedia.design//wii.elementmedia.design/vawe-app/www/" local="3569777896" remote="3569781720" Dst="-1" /><file name="apple-icon@2x.png" server="elementmedia.design//wii.elementmedia.design/vawe-app/www/" local="3569778333" remote="3569782020" Dst="-1" /><file name="apple-icon.png" server="107.170.201.137//applications/hmhpenfwaa/public_html/www/" local="3569778341" remote="3570127248" Dst="-1" /><file name="apple-icon@2x.png" server="107.170.201.137//applications/hmhpenfwaa/public_html/www/" local="3569778333" remote="3570127249" Dst="-1" /><file name="Cart Green.png" server="107.170.201.137//applications/hmhpenfwaa/public_html/www/" local="3569622594" remote="3570127249" Dst="-1" /><file name="Cart Pink.png" server="107.170.201.137//applications/hmhpenfwaa/public_html/www/" local="3569622594" remote="3570127249" Dst="-1" /><file name="facebook-icon.png" server="107.170.201.137//applications/hmhpenfwaa/public_html/www/" local="3569622594" remote="3570127250" Dst="-1" /><file name="facebook-login-blue.png" server="107.170.201.137//applications/hmhpenfwaa/public_html/www/" local="3569622594" remote="3570127250" Dst="-1" /><file name="facebook-sign-in.png" server="107.170.201.137//applications/hmhpenfwaa/public_html/www/" local="3569622594" remote="3570127250" Dst="-1" /><file name="facebook-sign-up.png" server="107.170.201.137//applications/hmhpenfwaa/public_html/www/" local="3569622594" remote="3570127251" Dst="-1" /><file name="google-plus-icon.png" server="107.170.201.137//applications/hmhpenfwaa/public_html/www/" local="3569622594" remote="3570127251" Dst="-1" /><file name="google-sign-in.png" server="107.170.201.137//applications/hmhpenfwaa/public_html/www/" local="3569622594" remote="3570127252" Dst="-1" /><file name="google-sign-up.png" server="107.170.201.137//applications/hmhpenfwaa/public_html/www/" local="3569622594" remote="3570127252" Dst="-1" /><file name="Home Green.png" server="107.170.201.137//applications/hmhpenfwaa/public_html/www/" local="3569622594" remote="3570127252" Dst="-1" /><file name="Home Pink.png" server="107.170.201.137//applications/hmhpenfwaa/public_html/www/" local="3569622594" remote="3570127253" Dst="-1" /><file name="logo.png" server="107.170.201.137//applications/hmhpenfwaa/public_html/www/" local="3569622594" remote="3570127253" Dst="-1" /><file name="Map Green.png" server="107.170.201.137//applications/hmhpenfwaa/public_html/www/" local="3569622594" remote="3570127254" Dst="-1" /><file name="Map Pink.png" server="107.170.201.137//applications/hmhpenfwaa/public_html/www/" local="3569622594" remote="3570127254" Dst="-1" /><file name="Profile Green.png" server="107.170.201.137//applications/hmhpenfwaa/public_html/www/" local="3569622594" remote="3570127254" Dst="-1" /><file name="Profile Pink.png" server="107.170.201.137//applications/hmhpenfwaa/public_html/www/" local="3569622594" remote="3570127255" Dst="-1" /><file name="Search Green.png" server="107.170.201.137//applications/hmhpenfwaa/public_html/www/" local="3569622594" remote="3570127255" Dst="-1" /><file name="Search Pink.png" server="107.170.201.137//applications/hmhpenfwaa/public_html/www/" local="3569622594" remote="3570127255" Dst="-1" /><file name="Settings Green.png" server="107.170.201.137//applications/hmhpenfwaa/public_html/www/" local="3569622594" remote="3570127256" Dst="-1" /><file name="Settings Pink.png" server="107.170.201.137//applications/hmhpenfwaa/public_html/www/" local="3569622594" remote="3570127256" Dst="-1" /><file name="Touch_ID-256.png" server="107.170.201.137//applications/hmhpenfwaa/public_html/www/" local="3569622594" remote="3570127256" Dst="-1" /><file name="touchid-100x100.png" server="107.170.201.137//applications/hmhpenfwaa/public_html/www/" local="3569622594" remote="3570127257" Dst="-1" /><file name="VAWE Sign UpArtboard 2.png" server="107.170.201.137//applications/hmhpenfwaa/public_html/www/" local="3569622594" remote="3570127257" Dst="-1" /><file name="VAWE Sign UpArtboard 3.png" server="107.170.201.137//applications/hmhpenfwaa/public_html/www/" local="3569622594" remote="3570127257" Dst="-1" /><file name="VAWE Sign UpArtboard 4.png" server="107.170.201.137//applications/hmhpenfwaa/public_html/www/" local="3569622594" remote="3570127258" Dst="-1" /><file name="VAWE Sign UpArtboard 5.png" server="107.170.201.137//applications/hmhpenfwaa/public_html/www/" local="3569622594" remote="3570127258" Dst="-1" /><file name="VAWE Square 3.png" server="107.170.201.137//applications/hmhpenfwaa/public_html/www/" local="3569622594" remote="3570127259" Dst="-1" /><file name="VAWE-long-300x30-transparent.png" server="107.170.201.137//applications/hmhpenfwaa/public_html/www/" local="3569622594" remote="3570127259" Dst="-1" /><file name="VAWE1.png" server="107.170.201.137//applications/hmhpenfwaa/public_html/www/" local="3569622594" remote="3570127260" Dst="-1" /><file name="VAWE2.png" server="107.170.201.137//applications/hmhpenfwaa/public_html/www/" local="3569622594" remote="3570127262" Dst="-1" /><file name="VAWE3.png" server="107.170.201.137//applications/hmhpenfwaa/public_html/www/" local="3569622594" remote="3570127263" Dst="-1" /><file name="Brock's riverside.png" server="107.170.201.137//applications/hmhpenfwaa/public_html/www/" local="3570317472" remote="3570391947" Dst="-1" /><file name="CATERING (1).png" server="107.170.201.137//applications/hmhpenfwaa/public_html/www/" local="3570317511" remote="3570391950" Dst="-1" /><file name="CATERING.png" server="107.170.201.137//applications/hmhpenfwaa/public_html/www/" local="3570317499" remote="3570391952" Dst="-1" /><file name="Flutter My Shutter.png" server="107.170.201.137//applications/hmhpenfwaa/public_html/www/" local="3570317483" remote="3570391953" Dst="-1" /><file name="Rev. Pamela A. Mann.png" server="107.170.201.137//applications/hmhpenfwaa/public_html/www/" local="3570317445" remote="3570391955" Dst="-1" /><file name="Wedding in a Box.png" server="107.170.201.137//applications/hmhpenfwaa/public_html/www/" local="3570317459" remote="3570391956" Dst="-1" /></dwsync>