<?xml version="1.0" encoding="utf-8" ?><dwsync><file name="maps.js" server="ftp.elementmedia.design//wii.elementmedia.design/" local="3568026218" remote="3568030020" Dst="-1" /><file name="circles.js" server="ftp.elementmedia.design//wii.elementmedia.design/" local="3568039947" remote="3568043580" Dst="-1" /><file name="maps.js" server="ftp.elementmedia.design//wii.elementmedia.design/vawe-app/www/" local="3568043448" remote="3568047000" Dst="-1" /><file name="circles.js" server="107.170.201.137//applications/hmhpenfwaa/public_html/www/" local="3569622594" remote="3570127272" Dst="-1" /><file name="index.js" server="107.170.201.137//applications/hmhpenfwaa/public_html/www/" local="3569622594" remote="3570127272" Dst="-1" /><file name="jquery.mobile-1.4.5.js" server="107.170.201.137//applications/hmhpenfwaa/public_html/www/" local="3569622594" remote="3570127273" Dst="-1" /><file name="jquery.mobile.js" server="107.170.201.137//applications/hmhpenfwaa/public_html/www/" local="3569622594" remote="3570127274" Dst="-1" /><file name="jquery.mobile.min.js" server="107.170.201.137//applications/hmhpenfwaa/public_html/www/" local="3569622594" remote="3570127275" Dst="-1" /><file name="maps.js" server="107.170.201.137//applications/hmhpenfwaa/public_html/www/" local="3569622594" remote="3570127275" Dst="-1" /><file name=".DS_Store" server="107.170.201.137//applications/hmhpenfwaa/public_html/www/" local="3570821344" remote="3570821424" Dst="-1" /><file name="jquery.gallery.js" server="107.170.201.137//applications/hmhpenfwaa/public_html/www/" local="3411396466" remote="3570821425" Dst="-1" /><file name="modernizr.custom.53451.js" server="107.170.201.137//applications/hmhpenfwaa/public_html/www/" local="3411396164" remote="3570821426" Dst="-1" /></dwsync>